ID;Família;Recurso;Dados;Métodos;Decisão apoiada;Status;Responsabilidade
AN-001;Comercial, marketing e valor para o cliente;Clientes, unidades e contatos;Segmento, localização, equipamentos, relacionamento e histórico;"Frequências, Pareto e concentração; agrupamento por similaridade quando houver dados";Dependência de clientes, segmentos atendidos e lacunas comerciais;"Planejado; execução sujeita a dados/validação";"Java: fatos e decisões; Python: métodos analíticos"
AN-002;Comercial, marketing e valor para o cliente;Prospecção e oportunidades;Origem, necessidade, estágio, interações e motivos de perda;"Conversão por etapa, tempo de permanência, atualização bayesiana de taxas; regressão logística validada";Oportunidades prioritárias e pontos de perda no funil;"Planejado; execução sujeita a dados/validação";"Java: fatos e decisões; Python: métodos analíticos"
AN-003;Comercial, marketing e valor para o cliente;Propostas e precificação;Escopo, preço, desconto, custo, prazo e resultado da negociação;"Margem de contribuição, ponto de equilíbrio, sensibilidade; elasticidade quando identificável";Efeito de descontos e condições sobre margem e conversão;"Planejado; execução sujeita a dados/validação";"Java: fatos e decisões; Python: métodos analíticos"
AN-004;Comercial, marketing e valor para o cliente;Pedidos, contratos e carteira;Quantidades, valores, datas, revisões, cancelamentos e pendências;Análise de coortes, decomposição por produto/cliente, taxas de crescimento;Evolução da carteira e descompasso entre vendas, produção e entrega;"Planejado; execução sujeita a dados/validação";"Java: fatos e decisões; Python: métodos analíticos"
AN-005;Comercial, marketing e valor para o cliente;Previsão de demanda;Pedidos confirmados por produto e período, perdas, sazonalidade e exposição comercial;"Referência ingênua; suavização exponencial; Croston/SBA para demanda intermitente; ARIMA quando elegível";Faixas de demanda futura para compras e capacidade;"Planejado; execução sujeita a dados/validação";"Java: fatos e decisões; Python: métodos analíticos"
AN-006;Comercial, marketing e valor para o cliente;Campanhas e canais;Investimento, contatos, oportunidades, conversões e receitas vinculadas;Custo por aquisição, retorno por coorte, testes controlados e inferência bayesiana;Canais que geram negócios e experimentos que merecem continuidade;"Planejado; execução sujeita a dados/validação";"Java: fatos e decisões; Python: métodos analíticos"
AN-007;Comercial, marketing e valor para o cliente;Planejamento de marketing;Orçamento, capacidade comercial e resposta observada por canal;"Programação linear; curvas de resposta e análise marginal quando estimáveis";Distribuição sugerida do orçamento, com limites e hipóteses;"Planejado; execução sujeita a dados/validação";"Java: fatos e decisões; Python: métodos analíticos"
AN-008;Comercial, marketing e valor para o cliente;Plano de valor do cliente;Problema inicial, metas acordadas, referência anterior, investimento e medições posteriores;Custo total de propriedade, retorno, payback, valor presente e sensibilidade;Benefício econômico e operacional esperado e observado;"Planejado; execução sujeita a dados/validação";"Java: fatos e decisões; Python: métodos analíticos"
AN-009;Comercial, marketing e valor para o cliente;Satisfação e relacionamento;Pesquisas, reclamações, recorrência, atendimento e recomendações;Distribuições, intervalos de confiança, coortes e associação com resultados;Clientes com dificuldades, oportunidades de melhoria e expansão;"Planejado; execução sujeita a dados/validação";"Java: fatos e decisões; Python: métodos analíticos"
AN-010;Financeiro, contabilidade gerencial e fiscal;Contas a receber e cobrança;Parcelas, vencimentos, pagamentos, atrasos e renegociações;"Faixas de atraso, distribuição do tempo de recebimento; modelos de sobrevivência quando elegíveis";Entradas prováveis, atraso recorrente e prioridades de acompanhamento;"Planejado; execução sujeita a dados/validação";"Java: fatos e decisões; Python: métodos analíticos"
AN-011;Financeiro, contabilidade gerencial e fiscal;Contas a pagar e tesouraria;Obrigações, juros, descontos, vencimentos e recursos disponíveis;Equivalência financeira, custo efetivo e otimização com restrições;Alternativas de pagamento e necessidade de capital;"Planejado; execução sujeita a dados/validação";"Java: fatos e decisões; Python: métodos analíticos"
AN-012;Financeiro, contabilidade gerencial e fiscal;Conciliação e consistência financeira;Extratos, títulos e liquidações;Correspondência por regras, tolerâncias monetárias e detecção robusta de valores atípicos;Duplicidades, diferenças e movimentos sem vínculo;"Planejado; execução sujeita a dados/validação";"Java: fatos e decisões; Python: métodos analíticos"
AN-013;Financeiro, contabilidade gerencial e fiscal;Fluxo de caixa e cenários;Saldos, compromissos, recebimentos esperados e hipóteses;Projeção determinística, Monte Carlo e testes de estresse;Probabilidade estimada de insuficiência de caixa e período de exposição;"Planejado; execução sujeita a dados/validação";"Java: fatos e decisões; Python: métodos analíticos"
AN-014;Financeiro, contabilidade gerencial e fiscal;Custos e resultado por projeto;Materiais, serviços, horas, despesas, receita e impostos;Custeio por atividade/tempo, decomposição preço–quantidade–mix e análise de desvios;Fontes de perda de margem e projetos que geram resultado;"Planejado; execução sujeita a dados/validação";"Java: fatos e decisões; Python: métodos analíticos"
AN-015;Financeiro, contabilidade gerencial e fiscal;Orçamento empresarial;Metas, receitas, custos fixos/variáveis e realizado;Análise de variações, cenários e sensibilidade;Onde o orçamento se afastou da execução e quais medidas testar;"Planejado; execução sujeita a dados/validação";"Java: fatos e decisões; Python: métodos analíticos"
AN-016;Financeiro, contabilidade gerencial e fiscal;Investimentos e desenvolvimento;Desembolso, benefícios, vida útil e riscos;VPL, TIR quando aplicável, payback descontado e simulação;Comparação de investimentos e condições para viabilidade;"Planejado; execução sujeita a dados/validação";"Java: fatos e decisões; Python: métodos analíticos"
AN-017;Financeiro, contabilidade gerencial e fiscal;Repasses e reservas;Beneficiários, bases, percentuais, vigência e pagamentos;Álgebra de alocação, restrições de soma e análise de sensibilidade;Distribuição explicável e efeito sobre liquidez;"Planejado; execução sujeita a dados/validação";"Java: fatos e decisões; Python: métodos analíticos"
AN-018;Financeiro, contabilidade gerencial e fiscal;Contabilidade gerencial;Competência, classificação, centros de resultado e critérios de rateio;Matrizes de alocação, reconciliação e análise vertical/horizontal;Resultado por área, cliente, produto e projeto;"Planejado; execução sujeita a dados/validação";"Java: fatos e decisões; Python: métodos analíticos"
AN-019;Financeiro, contabilidade gerencial e fiscal;Fiscal gerencial;Documentos, natureza da operação, competência, parâmetros e apuração externa;Regras exatas por vigência, funções por faixas e comparação de cenários;Divergências, exposição e efeito financeiro de hipóteses;"Planejado; execução sujeita a dados/validação";"Java: fatos e decisões; Python: métodos analíticos"
AN-020;Engenharia, produção, compras e logística;Produtos, materiais e BOM;Revisões, componentes, quantidades, serviços e custos;Explosão de materiais, operações matriciais e sensibilidade de custo;Componentes que mais influenciam custo e disponibilidade;"Planejado; execução sujeita a dados/validação";"Java: fatos e decisões; Python: métodos analíticos"
AN-021;Engenharia, produção, compras e logística;EAP, cronograma e capacidade;Precedências, durações, recursos, calendários e execução;"Caminho crítico; PERT com estimativas documentadas; Monte Carlo e programação por restrições";Gargalos, risco de atraso e alternativas de sequenciamento;"Planejado; execução sujeita a dados/validação";"Java: fatos e decisões; Python: métodos analíticos"
AN-022;Engenharia, produção, compras e logística;Ordens de produção e apontamentos;Tempos, consumo, quantidades, espera, perdas e retrabalho;Estatística de tempos, produtividade e curvas de aprendizado;Etapas instáveis, desperdícios e oportunidades de melhoria;"Planejado; execução sujeita a dados/validação";"Java: fatos e decisões; Python: métodos analíticos"
AN-023;Engenharia, produção, compras e logística;Planejamento de recursos;Carga de trabalho, equipes, máquinas e terceirização;Programação linear inteira e programação por restrições;Alocação sugerida que respeite capacidade, precedências e datas;"Planejado; execução sujeita a dados/validação";"Java: fatos e decisões; Python: métodos analíticos"
AN-024;Engenharia, produção, compras e logística;Qualidade e inspeções;Medições, limites técnicos, defeitos e lotes;Pareto, cartas de controle, EWMA/CUSUM e capacidade de processo quando válida;Mudanças no processo e características fora da especificação;"Planejado; execução sujeita a dados/validação";"Java: fatos e decisões; Python: métodos analíticos"
AN-025;Engenharia, produção, compras e logística;Medição e calibração;Referências, repetições, operadores e instrumentos;Viés, repetibilidade, reprodutibilidade e propagação de incerteza;Confiabilidade das medições utilizadas nas decisões;"Planejado; execução sujeita a dados/validação";"Java: fatos e decisões; Python: métodos analíticos"
AN-026;Engenharia, produção, compras e logística;Cotações e fornecedores;Preço, frete, qualidade, prazo prometido e entrega real;Custo total, distribuição de lead time e pontuação multicritério transparente;Fornecedor adequado ao custo, prazo e risco do projeto;"Planejado; execução sujeita a dados/validação";"Java: fatos e decisões; Python: métodos analíticos"
AN-027;Engenharia, produção, compras e logística;Compras e reposição;Necessidades da BOM, reservas, saldos e prazos;"MRP; ponto de reposição e estoque de segurança para itens recorrentes";O que comprar, quanto e quando;"Planejado; execução sujeita a dados/validação";"Java: fatos e decisões; Python: métodos analíticos"
AN-028;Engenharia, produção, compras e logística;Estoque e inventário;Local, propriedade, consumo, reserva, saldo e ajuste;"ABC por valor; XYZ por variabilidade; cobertura e giro";Excesso, ruptura, baixa movimentação e divergências físicas;"Planejado; execução sujeita a dados/validação";"Java: fatos e decisões; Python: métodos analíticos"
AN-029;Engenharia, produção, compras e logística;Terceirização;Remessas, retornos, consumo, serviços e perdas;Balanço de materiais, variação de prazo e comparação de custo;Material em terceiros e desempenho da fabricação contratada;"Planejado; execução sujeita a dados/validação";"Java: fatos e decisões; Python: métodos analíticos"
AN-030;Engenharia, produção, compras e logística;Expedição, transporte e instalação;Dimensões, carga, locais, recursos, janelas e custos;"Otimização de rotas e alocação; distribuição do prazo de entrega";Viagens, agendas e entregas com menor custo e atraso;"Planejado; execução sujeita a dados/validação";"Java: fatos e decisões; Python: métodos analíticos"
AN-031;Engenharia, produção, compras e logística;Assistência e manutenção;Falhas, horas de uso, reparos, peças, garantia e preventivas;"MTBF/MTTR com exposição conhecida; Kaplan–Meier e Weibull quando adequados";Falhas recorrentes, risco de indisponibilidade e manutenção sugerida;"Planejado; execução sujeita a dados/validação";"Java: fatos e decisões; Python: métodos analíticos"
AN-032;Engenharia, produção, compras e logística;Desenvolvimento de produtos;Requisitos, testes, versões, custos e desempenho em campo;Planejamento de experimentos, regressão, ANOVA, superfície de resposta e análise de falhas;Alterações que melhoram desempenho, confiabilidade e custo;"Planejado; execução sujeita a dados/validação";"Java: fatos e decisões; Python: métodos analíticos"
AN-033;Jurídico, gestão e melhoria contínua;Contratos, garantias e obrigações;Partes, versões, entregáveis, cláusulas cadastradas, vigências e evidências;Regras de prazo, dependências e matrizes de risco;Obrigações pendentes, vencimentos e exposição contratual;"Planejado; execução sujeita a dados/validação";"Java: fatos e decisões; Python: métodos analíticos"
AN-034;Jurídico, gestão e melhoria contínua;Ocorrências e riscos jurídicos;Evento, contrato, documentação, responsável e avaliação profissional;Cenários e impacto esperado, quando houver probabilidade fundamentada;Priorização de providências e necessidade de revisão;"Planejado; execução sujeita a dados/validação";"Java: fatos e decisões; Python: métodos analíticos"
AN-035;Jurídico, gestão e melhoria contínua;Central de problemas e oportunidades;Desvios, tendências, hipóteses, exposição, impacto e evidência;Regras, anomalias estatísticas e priorização multicritério;Lista explicável do que merece atenção;"Planejado; execução sujeita a dados/validação";"Java: fatos e decisões; Python: métodos analíticos"
AN-036;Jurídico, gestão e melhoria contínua;Planos de ação;Decisão, responsável, prazo, custo, meta e execução;Comparação previsto/realizado e avaliação de efeito;Quais intervenções produziram resultado;"Planejado; execução sujeita a dados/validação";"Java: fatos e decisões; Python: métodos analíticos"
AN-037;Jurídico, gestão e melhoria contínua;Experimentos gerenciais;Hipótese, grupos, intervenção, métricas e período;Testes controlados, análise de poder e intervalos de confiança;Evidência para mudar preço, processo, produto ou abordagem comercial;"Planejado; execução sujeita a dados/validação";"Java: fatos e decisões; Python: métodos analíticos"
AN-038;Jurídico, gestão e melhoria contínua;Relatórios e avaliação da gestão;Indicadores e decisões de todas as áreas;Tendência, comparação por coorte e análise de contribuição;Evolução de valor entregue ao cliente e desempenho da Fourtech;"Planejado; execução sujeita a dados/validação";"Java: fatos e decisões; Python: métodos analíticos"
