Competência;Descrição;Cliente;Unidade;Categoria;Tipo;Valor (R$);Alíquota efetiva;Imposto (R$);Custo mat. elétrico (R$);Custo mat. mecânico (R$);Custo mtg. elétrica (R$);Custo mtg. mecânica (R$);Custo total (R$);Resultado líquido (R$);Sergio (R$);Everton (R$);Edson (R$);Rafael (R$);Caixa (R$);Observação
03/2025;Balança Renda+ — Alimentos Lopes;Alimentos Lopes;;BALANÇA RENDA+;PRODUTO;165.000,00;6,3766%;10.521,37;30.022,60;20.477,40;11.500,00;8.000,00;70.000,00;84.478,63;16.895,73;16.895,73;12.671,79;29.567,52;8.447,86;
03/2025;Balança Renda+ — Amafil;Amafil;;BALANÇA RENDA+;PRODUTO;176.263,17;6,3766%;11.239,57;30.022,60;20.477,40;11.500,00;8.000,00;70.000,00;95.023,60;19.004,72;19.004,72;14.253,54;33.258,26;9.502,36;
03/2025;Esteiras transportadoras — Amafil;Amafil;;MECÂNICA;PRODUTO;30.749,10;6,3766%;1.960,74;0,00;0,00;0,00;0,00;0,00;28.788,36;30.749,10;0,00;0,00;0,00;0,00;
03/2025;Painel elétrico — Amafil;Amafil;;ELÉTRICA;PRODUTO;10.500,00;6,3766%;669,54;0,00;0,00;0,00;0,00;0,00;9.830,46;0,00;0,00;0,00;10.500,00;0,00;
04/2025;Balança Renda+ — Alimentos Lopes (2ª balança);Alimentos Lopes;;BALANÇA RENDA+;PRODUTO;165.000,00;7,6674%;12.651,22;30.022,60;20.477,40;11.500,00;8.000,00;70.000,00;82.348,78;16.469,76;16.469,76;12.352,32;28.822,07;8.234,88;
04/2025;Montagem e instalação elétrica — Amafil;Amafil;;ELÉTRICA;SERVIÇO;23.427,60;10,5312%;2.467,22;0,00;0,00;0,00;0,00;0,00;20.960,38;0,00;0,00;0,00;23.427,60;0,00;
04/2025;Montagem e instalação mecânica — Amafil;Amafil;;MECÂNICA;SERVIÇO;23.248,79;10,5312%;2.448,39;0,00;0,00;0,00;0,00;0,00;20.800,40;23.248,79;0,00;0,00;0,00;0,00;
05/2025;Balança Renda+ — Copasul;Copasul;;BALANÇA RENDA+;PRODUTO;180.252,70;9,1556%;16.503,28;30.022,60;20.477,40;11.500,00;8.000,00;70.000,00;93.749,42;18.749,88;18.749,88;14.062,41;32.812,30;9.374,94;
05/2025;Esteiras transportadoras — Copasul;Copasul;;MECÂNICA;PRODUTO;27.209,35;9,1556%;2.491,19;0,00;0,00;0,00;0,00;0,00;24.718,16;27.209,35;0,00;0,00;0,00;0,00;
05/2025;Balança Renda+ — Amagil;Amagil;;BALANÇA RENDA+;PRODUTO;176.609,00;9,1556%;16.169,68;30.022,60;20.477,40;11.500,00;8.000,00;70.000,00;90.439,32;18.087,86;18.087,86;13.565,90;31.653,76;9.043,93;
05/2025;Esteiras transportadoras — Amagil;Amagil;;MECÂNICA;PRODUTO;22.039,91;9,1556%;2.017,89;0,00;0,00;0,00;0,00;0,00;20.022,02;22.039,91;0,00;0,00;0,00;0,00;
05/2025;Painel elétrico — Amagil;Amagil;;ELÉTRICA;PRODUTO;10.500,00;9,1556%;961,34;0,00;0,00;0,00;0,00;0,00;9.538,66;0,00;0,00;0,00;10.500,00;0,00;
05/2025;Montagem e instalação mecânica — Amagil;Amagil;;MECÂNICA;SERVIÇO;89.786,74;12,7617%;11.458,34;0,00;0,00;0,00;0,00;0,00;78.328,40;89.786,74;0,00;0,00;0,00;0,00;
06/2025;Balança Renda+ — Pasquini;Pasquini;;BALANÇA RENDA+;PRODUTO;130.272,00;13,2115%;17.210,89;30.022,60;20.477,40;11.500,00;8.000,00;70.000,00;43.061,11;8.612,22;8.612,22;6.459,17;15.071,39;4.306,11;"Tipo corrigido de SERVIÇO para PRODUTO (balança); o imposto da planilha usou a alíquota de serviço de 06/2025 — conferir com o contador."
06/2025;Montagem e instalação elétrica — Amagil (NH Silva);Amagil;;ELÉTRICA;SERVIÇO;47.248,79;13,2115%;6.242,27;0,00;0,00;0,00;0,00;0,00;41.006,52;0,00;0,00;0,00;47.248,79;0,00;"Descrição original ""NH Silva"": conferir se NH Silva é o cliente, um terceiro ou a obra."
07/2025;Balança Renda+ — Pasquini (complemento);Pasquini;;BALANÇA RENDA+;PRODUTO;50.728,00;9,6988%;4.920,02;0,00;0,00;0,00;0,00;0,00;45.807,98;9.161,60;9.161,60;6.871,20;16.032,79;4.580,80;"Complemento da balança de 06/2025 (130.272,00 + 50.728,00 = 181.000,00); o custo da balança está na linha de 06/2025."
07/2025;Balança Renda+ — Cassava;Cassava;;BALANÇA RENDA+;PRODUTO;170.000,00;9,6988%;16.488,02;30.022,60;20.477,40;11.500,00;8.000,00;70.000,00;83.511,98;16.702,40;16.702,40;12.526,80;29.229,19;8.351,20;"Descrição original ""Cassava"" sem o produto."
08/2025;Balança Renda+ — Amifec Cidade Gaúcha;Amifec;Cidade Gaúcha;BALANÇA RENDA+;PRODUTO;181.338,07;9,8609%;17.881,48;30.022,60;20.477,40;11.500,00;8.000,00;70.000,00;93.456,59;18.691,32;18.691,32;14.018,49;32.709,81;9.345,66;
10/2025;Esteiras transportadoras — Alimentos Loanda;Alimentos Loanda;;MECÂNICA;PRODUTO;11.000,00;10,1307%;1.114,37;0,00;0,00;0,00;0,00;0,00;9.885,63;11.000,00;0,00;0,00;0,00;0,00;
10/2025;Balança Renda+ — Alimentos Loanda;Alimentos Loanda;;BALANÇA RENDA+;PRODUTO;180.000,00;10,1307%;18.235,21;30.022,60;20.477,40;11.500,00;8.000,00;70.000,00;91.764,79;18.352,96;18.352,96;13.764,72;32.117,68;9.176,48;
11/2025;Balança Renda+ — Amifec Maria Helena;Amifec;Maria Helena;BALANÇA RENDA+;PRODUTO;181.000,00;10,5377%;19.073,17;30.022,60;20.477,40;11.500,00;8.000,00;70.000,00;91.926,83;18.385,37;18.385,37;13.789,02;32.174,39;9.192,68;
11/2025;Materiais elétricos — Copasul;Copasul;;ELÉTRICA;PRODUTO;1.960,60;10,5377%;206,60;0,00;0,00;0,00;0,00;0,00;1.754,00;0,00;0,00;0,00;1.960,60;0,00;
12/2025;Balança Renda+ — Polvilho Três Fronteiras;Polvilho Três Fronteiras;;BALANÇA RENDA+;PRODUTO;208.146,54;10,9206%;22.730,91;30.022,60;20.477,40;11.500,00;8.000,00;70.000,00;115.415,63;23.083,13;23.083,13;17.312,34;40.395,47;11.541,56;
01/2026;Balança Renda+ — Amafil Pérola 1;Amafil;Pérola 1;BALANÇA RENDA+;PRODUTO;178.999,99;11,5920%;20.749,75;30.022,60;20.477,40;11.500,00;8.000,00;70.000,00;88.250,24;17.650,05;17.650,05;13.237,54;30.887,58;8.825,02;
01/2026;Balança Renda+ — C.Vale Terra Roxa;C.Vale;Terra Roxa;BALANÇA RENDA+;PRODUTO;190.000,00;11,5920%;22.024,88;30.022,60;20.477,40;11.500,00;8.000,00;70.000,00;97.975,12;19.595,02;19.595,02;14.696,27;34.291,29;9.797,51;
01/2026;Montagem e instalação elétrica — C.Vale Terra Roxa;C.Vale;Terra Roxa;ELÉTRICA;SERVIÇO;10.000,00;16,4329%;1.643,29;0,00;0,00;0,00;0,00;0,00;8.356,71;0,00;0,00;0,00;10.000,00;0,00;
01/2026;Montagem e instalação mecânica — Polvilho Três Fronteiras;Polvilho Três Fronteiras;;MECÂNICA;SERVIÇO;15.941,08;16,4329%;2.619,59;0,00;0,00;0,00;0,00;0,00;13.321,49;15.941,08;0,00;0,00;0,00;0,00;
01/2026;Montagem e instalação elétrica — Polvilho Três Fronteiras;Polvilho Três Fronteiras;;ELÉTRICA;SERVIÇO;15.912,38;16,4329%;2.614,87;0,00;0,00;0,00;0,00;0,00;13.297,51;0,00;0,00;0,00;15.912,38;0,00;
01/2026;Montagem e instalação mecânica — Amafil Pérola 1;Amafil;Pérola 1;MECÂNICA;PRODUTO;51.868,01;11,5920%;6.012,56;0,00;0,00;0,00;0,00;0,00;45.855,45;51.868,01;0,00;0,00;0,00;0,00;"Montagem lançada como PRODUTO (alíquota de produto); nas outras obras é SERVIÇO — conferir."
01/2026;Montagem e instalação elétrica — Amafil Pérola 1;Amafil;Pérola 1;ELÉTRICA;PRODUTO;26.000,00;11,5920%;3.013,93;0,00;0,00;0,00;0,00;0,00;22.986,07;0,00;0,00;0,00;26.000,00;0,00;"Descrição corrigida: a original dizia ""Mecânica"" numa linha ELÉTRICA. Lançada como PRODUTO — conferir."
02/2026;Balança Renda+ — Jaju Alimentos;Jaju Alimentos;;BALANÇA RENDA+;PRODUTO;180.000,00;11,8116%;21.260,94;30.022,60;20.477,40;11.500,00;8.000,00;70.000,00;88.739,06;17.747,81;17.747,81;13.310,86;31.058,67;8.873,91;
02/2026;Esteiras transportadoras — Polvilho Três Fronteiras;Polvilho Três Fronteiras;;MECÂNICA;PRODUTO;29.146,54;11,8116%;3.442,68;0,00;0,00;0,00;0,00;0,00;25.703,86;29.146,54;0,00;0,00;0,00;0,00;
03/2026;Esteira 400x2000 e desviador de raízes — Amafil Pérola 2;Amafil;Pérola 2;MECÂNICA;PRODUTO;29.327,00;11,4745%;3.365,12;0,00;0,00;0,00;0,00;0,00;25.961,88;29.327,00;0,00;0,00;0,00;0,00;
03/2026;Esteira 400x4500 — Amafil Pérola 2;Amafil;Pérola 2;MECÂNICA;PRODUTO;22.362,00;11,4745%;2.565,92;0,00;0,00;0,00;0,00;0,00;19.796,08;22.362,00;0,00;0,00;0,00;0,00;
03/2026;Montagem e instalação mecânica — Amafil Pérola 2;Amafil;Pérola 2;MECÂNICA;SERVIÇO;20.535,00;16,2602%;3.339,03;0,00;0,00;0,00;0,00;0,00;17.195,97;20.535,00;0,00;0,00;0,00;0,00;
03/2026;Montagem e instalação elétrica — Amafil Pérola 2;Amafil;Pérola 2;ELÉTRICA;SERVIÇO;25.654,00;16,2602%;4.171,39;0,00;0,00;0,00;0,00;0,00;21.482,61;0,00;0,00;0,00;25.654,00;0,00;
03/2026;Painel elétrico — Amafil Pérola 2;Amafil;Pérola 2;ELÉTRICA;PRODUTO;10.500,00;11,4745%;1.204,82;0,00;0,00;0,00;0,00;0,00;9.295,18;0,00;0,00;0,00;10.500,00;0,00;
03/2026;Montagem e instalação elétrica — Amafil Altônia;Amafil;Altônia;ELÉTRICA;SERVIÇO;26.442,00;16,2602%;4.299,52;0,00;0,00;0,00;0,00;0,00;22.142,48;0,00;0,00;0,00;26.442,00;0,00;
03/2026;Painel elétrico — Amafil Altônia;Amafil;Altônia;ELÉTRICA;PRODUTO;10.500,00;11,4745%;1.204,82;0,00;0,00;0,00;0,00;0,00;9.295,18;0,00;0,00;0,00;10.500,00;0,00;
04/2026;Balança Renda+ — Barra Velha;Barra Velha;;BALANÇA RENDA+;PRODUTO;190.000,00;11,4479%;21.750,98;30.022,60;20.477,40;11.500,00;8.000,00;70.000,00;98.249,02;19.649,80;19.649,80;14.737,35;34.387,16;9.824,90;
05/2026;Balança Renda+ — Pioneira Alimentos;Pioneira Alimentos;;BALANÇA RENDA+;PRODUTO;190.000,00;11,0205%;20.938,87;30.022,60;20.477,40;11.500,00;8.000,00;70.000,00;99.061,13;19.812,23;19.812,23;14.859,17;34.671,40;9.906,11;
05/2026;Unidade coletora de raízes — Pioneira Alimentos;Pioneira Alimentos;;MECÂNICA;PRODUTO;11.000,00;11,0205%;1.212,25;0,00;0,00;0,00;0,00;0,00;9.787,75;11.000,00;0,00;0,00;0,00;0,00;
06/2026;Montagem e instalação mecânica — Amafil Altônia;Amafil;Altônia;MECÂNICA;SERVIÇO;20.000,00;16,2288%;3.245,76;0,00;0,00;0,00;0,00;0,00;16.754,24;20.000,00;0,00;0,00;0,00;0,00;"Estava no meio dos lançamentos de 01/2026; competência 06/2026 mantida (alíquota de serviço de 06/2026)."
06/2026;Balança Renda+ — Amafil Altônia;Amafil;Altônia;BALANÇA RENDA+;PRODUTO;183.000,00;11,4531%;20.959,22;30.022,60;20.477,40;11.500,00;8.000,00;70.000,00;92.040,78;18.408,16;18.408,16;13.806,12;32.214,27;9.204,08;
06/2026;Esteira 400x4500 com desviador — Amafil Altônia;Amafil;Altônia;MECÂNICA;PRODUTO;28.941,00;11,4531%;3.314,65;0,00;0,00;0,00;0,00;0,00;25.626,35;28.941,00;0,00;0,00;0,00;0,00;
06/2026;Balança Renda+ — Amafil Pérola 2;Amafil;Pérola 2;BALANÇA RENDA+;PRODUTO;183.000,00;11,4531%;20.959,22;30.022,60;20.477,40;11.500,00;8.000,00;70.000,00;92.040,78;18.408,16;18.408,16;13.806,12;32.214,27;9.204,08;
07/2026;Balança Renda+ — Terrafec Planaltina;Terrafec;Planaltina;BALANÇA RENDA+;PRODUTO;207.000,00;11,9093%;24.652,24;30.022,60;20.477,40;11.500,00;8.000,00;70.000,00;112.347,76;22.469,55;22.469,55;16.852,16;39.321,72;11.234,78;
07/2026;Balança Renda+ — Talinda Alimentos;Talinda Alimentos;;BALANÇA RENDA+;PRODUTO;183.226,33;11,9093%;21.820,97;30.022,60;20.477,40;11.500,00;8.000,00;70.000,00;91.405,36;18.281,07;18.281,07;13.710,80;31.991,88;9.140,54;
07/2026;Balança Renda+ — C.Vale Assis;C.Vale;Assis;BALANÇA RENDA+;PRODUTO;228.000,00;11,9093%;27.153,19;30.022,60;20.477,40;11.500,00;8.000,00;70.000,00;130.846,81;26.169,36;26.169,36;19.627,02;45.796,38;13.084,68;
07/2026;Esteiras transportadoras — Talinda Alimentos;Talinda Alimentos;;MECÂNICA;PRODUTO;21.942,34;11,9093%;2.613,18;0,00;0,00;0,00;0,00;0,00;19.329,16;21.942,34;0,00;0,00;0,00;0,00;
07/2026;Unidade coletora de raízes — Talinda Alimentos;Talinda Alimentos;;MECÂNICA;PRODUTO;11.000,00;11,9093%;1.310,02;0,00;0,00;0,00;0,00;0,00;9.689,98;11.000,00;0,00;0,00;0,00;0,00;
09/2026;Balança Renda+ — Amafil Terra Boa;Amafil;Terra Boa;BALANÇA RENDA+;PRODUTO;185.000,00;11,9607%;22.127,30;30.022,60;20.477,40;11.500,00;8.000,00;70.000,00;92.872,70;18.574,54;18.574,54;13.930,91;32.505,45;9.287,27;
09/2026;Montagem e instalação elétrica — Amafil Terra Boa;Amafil;Terra Boa;ELÉTRICA;SERVIÇO;27.235,50;16,9747%;4.623,14;0,00;0,00;0,00;0,00;0,00;22.612,36;0,00;0,00;0,00;27.235,50;0,00;
09/2026;Montagem e instalação elétrica — Amafil São Lourenço;Amafil;São Lourenço;ELÉTRICA;SERVIÇO;23.530,10;16,9747%;3.994,16;0,00;0,00;0,00;0,00;0,00;19.535,94;0,00;0,00;0,00;23.530,10;0,00;
09/2026;Painel elétrico — Amafil Terra Boa;Amafil;Terra Boa;ELÉTRICA;PRODUTO;10.500,00;11,9607%;1.255,87;0,00;0,00;0,00;0,00;0,00;9.244,13;0,00;0,00;0,00;10.500,00;0,00;
09/2026;Montagem e instalação elétrica — Talinda Alimentos;Talinda Alimentos;;ELÉTRICA;SERVIÇO;28.547,33;16,9747%;4.845,82;0,00;0,00;0,00;0,00;0,00;23.701,51;0,00;0,00;0,00;28.547,33;0,00;
09/2026;Montagem e instalação mecânica — Talinda Alimentos;Talinda Alimentos;;MECÂNICA;SERVIÇO;25.284,00;16,9747%;4.291,88;0,00;0,00;0,00;0,00;0,00;20.992,12;25.284,00;0,00;0,00;0,00;0,00;
09/2026;Balança Renda+ — Amafil São Lourenço;Amafil;São Lourenço;BALANÇA RENDA+;PRODUTO;185.000,00;11,9607%;22.127,30;30.022,60;20.477,40;11.500,00;8.000,00;70.000,00;92.872,70;18.574,54;18.574,54;13.930,91;32.505,45;9.287,27;
10/2026;Balança Renda+ — BRC Starch;BRC Starch;;BALANÇA RENDA+;PRODUTO;194.000,00;11,9830%;23.247,07;30.022,60;20.477,40;11.500,00;8.000,00;70.000,00;100.752,93;20.150,59;20.150,59;15.112,94;35.263,53;10.075,29;"Nome corrigido: ""BRC STARTH"" → BRC Starch."
11/2026;Balança Renda+ — Technoamido;Technoamido;;BALANÇA RENDA+;PRODUTO;190.000,00;12,0211%;22.840,17;30.022,60;20.477,40;11.500,00;8.000,00;70.000,00;97.159,83;19.431,97;19.431,97;14.573,97;34.005,94;9.715,98;"Descrição original ""Technoamido"" sem o produto."
12/2026;Montagem e instalação elétrica — Technoamido;Technoamido;;ELÉTRICA;SERVIÇO;16.000,00;17,3360%;2.773,76;0,00;0,00;0,00;0,00;0,00;13.226,24;0,00;0,00;0,00;16.000,00;0,00;
